Workbook

Sheet Cover
A1: Commissioning Document Package
A3: Project | B3: Packaging Line 3
A4: Customer | B4: Sample Customer
A5: Machine / Line | B5: Infeed conveyor + hydraulic press
A6: PLC / Controller | B6: S7-1516F / TIA Portal V19
A7: Document No. | B7: CP-0001
A8: Revision | B8: 0
A9: Date | B9: 2026-10-08
A10: Prepared by | B10: CommissionPack demo
A11: Source IO list | B11: tia_plc_tags_sample.xlsx
A13: Contents
A14: DI Checkout | B14: 20 IO points
A15: DO Checkout | B15: 9 IO points
A16: AI Loop Check | B16: 4 IO points
A17: AO Loop Check | B17: 2 IO points
A18: FAT Protocol
A19: SAT Protocol
A20: Punch List
A21: Sign-off
A22: Summary
A24: Safety-related IO points (marked red) | B24: 4
A26: This package is a working document. The responsible engineer must check it against the approved drawings, the functional description and the safety validation plan.
A28: CommissionPack 0.1.0 - 2026-10-08 12:53

Sheet Summary
A1: Summary - Packaging Line 3
A2: Customer: Sample Customer | Machine / Line: Infeed conveyor + hydraulic press | Document No.: CP-0001 | Revision: 0
A4: Section | B4: Total | C4: OK | D4: NOK | E4: N/A | F4: Open | G4: Complete
A5: Digital input checkout | B5: =COUNTA('DI Checkout'!B5:B24) | C5: =COUNTIF('DI Checkout'!I5:I24,"OK") | D5: =COUNTIF('DI Checkout'!I5:I24,"NOK") | E5: =COUNTIF('DI Checkout'!I5:I24,"N/A") | F5: =B5-C5-D5-E5 | G5: =IF(B5=0,"",(C5+E5)/B5)
A6: Digital output checkout | B6: =COUNTA('DO Checkout'!B5:B13) | C6: =COUNTIF('DO Checkout'!I5:I13,"OK") | D6: =COUNTIF('DO Checkout'!I5:I13,"NOK") | E6: =COUNTIF('DO Checkout'!I5:I13,"N/A") | F6: =B6-C6-D6-E6 | G6: =IF(B6=0,"",(C6+E6)/B6)
A7: Analog input loop check | B7: =COUNTA('AI Loop Check'!B5:B24) | C7: =COUNTIF('AI Loop Check'!P5:P24,"OK") | D7: =COUNTIF('AI Loop Check'!P5:P24,"NOK") | E7: =COUNTIF('AI Loop Check'!P5:P24,"N/A") | F7: =B7-C7-D7-E7 | G7: =IF(B7=0,"",(C7+E7)/B7)
A8: Analog output loop check | B8: =COUNTA('AO Loop Check'!B5:B14) | C8: =COUNTIF('AO Loop Check'!P5:P14,"OK") | D8: =COUNTIF('AO Loop Check'!P5:P14,"NOK") | E8: =COUNTIF('AO Loop Check'!P5:P14,"N/A") | F8: =B8-C8-D8-E8 | G8: =IF(B8=0,"",(C8+E8)/B8)
A9: Total | B9: =SUM(B5:B8) | C9: =SUM(C5:C8) | D9: =SUM(D5:D8) | E9: =SUM(E5:E8) | F9: =SUM(F5:F8) | G9: =IF(B9=0,"",(C9+E9)/B9)
A11: Analog sheets count test points (5 per channel).
A12: Open A (Punch List) | B12: =COUNTIFS('Punch List'!F6:F500,"A",'Punch List'!I6:I500,"<>CLOSED")

Sheet DI Checkout
A1: DI Checkout - Packaging Line 3
A2: Customer: Sample Customer | Machine / Line: Infeed conveyor + hydraulic press | Document No.: CP-0001 | Revision: 0
A4: No. | B4: Tag | C4: Address | D4: Comment | E4: Location | F4: Device type | G4: Test instruction | H4: Expected result | I4: Status | J4: Tested by | K4: Date | L4: Remarks
A5: 1 | B5: EStop_Panel_CH1 | C5: %I0.0 | D5: Emergency stop main panel channel 1 | F5: Safety device | G5: Operate the safety device (e.g. press E-stop, open door). Check the input goes to 0 (NC). Reset the device. Check the input goes back to 1. Test both channels if 2-channel. | H5: Correct address. Input LED, PLC and HMI show the same state.
A6: 2 | B6: EStop_Panel_CH2 | C6: %I0.1 | D6: Emergency stop main panel channel 2 | F6: Safety device | G6: Operate the safety device (e.g. press E-stop, open door). Check the input goes to 0 (NC). Reset the device. Check the input goes back to 1. Test both channels if 2-channel. | H6: Correct address. Input LED, PLC and HMI show the same state.
A7: 3 | B7: Door1_Closed | C7: %I0.2 | D7: Safety door 1 closed (interlock) | F7: Safety device | G7: Operate the safety device (e.g. press E-stop, open door). Check the input goes to 0 (NC). Reset the device. Check the input goes back to 1. Test both channels if 2-channel. | H7: Correct address. Input LED, PLC and HMI show the same state.
A8: 4 | B8: LightCurtain_OK | C8: %I0.3 | D8: Light curtain infeed OK | F8: Safety device | G8: Operate the safety device (e.g. press E-stop, open door). Check the input goes to 0 (NC). Reset the device. Check the input goes back to 1. Test both channels if 2-channel. | H8: Correct address. Input LED, PLC and HMI show the same state.
A9: 5 | B9: PB_Start | C9: %I0.4 | D9: Push button start | F9: Push button / Selector | G9: Press / switch the operator device. Check the input changes 0 -> 1. Release. Check 1 -> 0. | H9: Correct address. Input LED, PLC and HMI show the same state.
A10: 6 | B10: PB_Stop | C10: %I0.5 | D10: Push button stop | F10: Push button / Selector | G10: Press / switch the operator device. Check the input changes 0 -> 1. Release. Check 1 -> 0. | H10: Correct address. Input LED, PLC and HMI show the same state.
A11: 7 | B11: PB_Reset | C11: %I0.6 | D11: Fault reset | F11: Push button / Selector | G11: Press / switch the operator device. Check the input changes 0 -> 1. Release. Check 1 -> 0. | H11: Correct address. Input LED, PLC and HMI show the same state.
A12: 8 | B12: SS_AutoManual | C12: %I0.7 | D12: Selector auto / manual | F12: Push button / Selector | G12: Press / switch the operator device. Check the input changes 0 -> 1. Release. Check 1 -> 0. | H12: Correct address. Input LED, PLC and HMI show the same state.
A13: 9 | B13: Q1_MCB_OK | C13: %I1.0 | D13: Main breaker Q1 feedback | F13: Breaker / Feedback | G13: Switch the breaker / contactor ON and OFF. Check the feedback input follows the device state. | H13: Correct address. Input LED, PLC and HMI show the same state.
A14: 10 | B14: M1_Conveyor_Running | C14: %I1.1 | D14: Conveyor motor M1 running feedback | F14: Motor / Contactor | G14: Run the motor in manual mode (area safe). Check the running / feedback input = 1. Stop. Check = 0. | H14: Correct address. Input LED, PLC and HMI show the same state.
A15: 11 | B15: M2_Pump_Running | C15: %I1.2 | D15: Hydraulic pump M2 running | F15: Motor / Contactor | G15: Run the motor in manual mode (area safe). Check the running / feedback input = 1. Stop. Check = 0. | H15: Correct address. Input LED, PLC and HMI show the same state.
A16: 12 | B16: Cyl1_Extended | C16: %I1.3 | D16: Cylinder 1 end position extended | F16: Valve / Cylinder | G16: Move the cylinder / valve to the end position. Check the end-position input = 1. Move back. Check = 0. | H16: Correct address. Input LED, PLC and HMI show the same state.
... A24: 20 | B24: VFD1_Fault | C24: %I2.3 | D24: G120 drive conveyor fault | F24: Drive / VFD | G24: Change the drive state (ready / fault / running). Check the status input follows the drive display. | H24: Correct address. Input LED, PLC and HMI show the same state.

Sheet DO Checkout
A1: DO Checkout - Packaging Line 3
A2: Customer: Sample Customer | Machine / Line: Infeed conveyor + hydraulic press | Document No.: CP-0001 | Revision: 0
A4: No. | B4: Tag | C4: Address | D4: Comment | E4: Location | F4: Device type | G4: Test instruction | H4: Expected result | I4: Status | J4: Tested by | K4: Date | L4: Remarks
A5: 1 | B5: M1_Contactor | C5: %Q0.0 | D5: Conveyor motor M1 contactor | F5: Motor / Contactor | G5: Make sure the motor can run safely. Set the output in the watch table. Check the contactor pulls in and the rotation direction. Reset the output. | H5: Correct device reacts. No other output or device changes.
A6: 2 | B6: M2_Pump_Contactor | C6: %Q0.1 | D6: Hydraulic pump M2 contactor | F6: Motor / Contactor | G6: Make sure the motor can run safely. Set the output in the watch table. Check the contactor pulls in and the rotation direction. Reset the output. | H6: Correct device reacts. No other output or device changes.
A7: 3 | B7: YV1_Cyl1_Extend | C7: %Q0.2 | D7: Valve cylinder 1 extend | F7: Valve / Cylinder | G7: Make sure the actuator area is clear. Set the output. Check the coil LED and the actuator moves. Reset the output. | H7: Correct device reacts. No other output or device changes.
A8: 4 | B8: YV2_Cyl1_Retract | C8: %Q0.3 | D8: Valve cylinder 1 retract | F8: Valve / Cylinder | G8: Make sure the actuator area is clear. Set the output. Check the coil LED and the actuator moves. Reset the output. | H8: Correct device reacts. No other output or device changes.
A9: 5 | B9: HL_Green | C9: %Q0.4 | D9: Signal lamp green | F9: Lamp / Horn | G9: Set the output. Check the lamp / horn works. Reset the output. | H9: Correct device reacts. No other output or device changes.
A10: 6 | B10: HL_Red | C10: %Q0.5 | D10: Signal lamp red | F10: Lamp / Horn | G10: Set the output. Check the lamp / horn works. Reset the output. | H10: Correct device reacts. No other output or device changes.
A11: 7 | B11: Horn | C11: %Q0.6 | D11: Alarm horn | F11: Lamp / Horn | G11: Set the output. Check the lamp / horn works. Reset the output. | H11: Correct device reacts. No other output or device changes.
A12: 8 | B12: Heater1 | C12: %Q0.7 | D12: Heater zone 1 contactor | F12: Heater | G12: Set the output for a short time only. Check the heater contactor pulls in. Reset the output. | H12: Correct device reacts. No other output or device changes.
A13: 9 | B13: VFD1_Enable | C13: %Q1.0 | D13: G120 drive conveyor enable | F13: Drive / VFD | G13: Set the command output (enable / start). Check the drive receives the command (drive status display). Reset. | H13: Correct device reacts. No other output or device changes.

Sheet AI Loop Check
A1: AI Loop Check - Packaging Line 3
A2: Customer: Sample Customer | Machine / Line: Infeed conveyor + hydraulic press | Document No.: CP-0001 | Revision: 0
A3: Method: inject the signal with a calibrator at the terminal. Read the value in the PLC/HMI. Enter the measured value. Status is calculated automatically.
A4: No. | B4: Tag | C4: Address | D4: Comment | E4: Signal | F4: Range min | G4: Range max | H4: Unit | I4: Test point | J4: Expected signal | K4: Raw value (S7) | L4: Expected value | M4: Measured value | N4: Deviation % of span | O4: Tolerance % | P4: Status | Q4: Tested by | R4: Date | S4: Remarks
A5: 1 | B5: TT101_Temp | C5: %IW64 | D5: Temperature tank PT100 | E5: 4-20 mA | F5: 0 | G5: 100 | I5: 0 | J5: =IF(E5="0-10 V",10*I5,IF(E5="0-20 mA",20*I5,IF(E5="+/-10 V",-10+20*I5,4+16*I5))) | K5: =IF(E5="+/-10 V",ROUND(-27648+55296*I5,0),ROUND(27648*I5,0)) | L5: =F5+I5*(G5-F5) | N5: =IF(OR(M5="",G5=F5),"",ABS(M5-L5)/ABS(G5-F5)*100) | O5: 0.5 | P5: =IF(N5="","",IF(N5<=O5,"OK","NOK"))
B6: TT101_Temp | C6: %IW64 | E6: =E5 | F6: =F5 | G6: =G5 | H6: =H5 | I6: 0.25 | J6: =IF(E6="0-10 V",10*I6,IF(E6="0-20 mA",20*I6,IF(E6="+/-10 V",-10+20*I6,4+16*I6))) | K6: =IF(E6="+/-10 V",ROUND(-27648+55296*I6,0),ROUND(27648*I6,0)) | L6: =F6+I6*(G6-F6) | N6: =IF(OR(M6="",G6=F6),"",ABS(M6-L6)/ABS(G6-F6)*100) | O6: =O5 | P6: =IF(N6="","",IF(N6<=O6,"OK","NOK"))
B7: TT101_Temp | C7: %IW64 | E7: =E5 | F7: =F5 | G7: =G5 | H7: =H5 | I7: 0.5 | J7: =IF(E7="0-10 V",10*I7,IF(E7="0-20 mA",20*I7,IF(E7="+/-10 V",-10+20*I7,4+16*I7))) | K7: =IF(E7="+/-10 V",ROUND(-27648+55296*I7,0),ROUND(27648*I7,0)) | L7: =F7+I7*(G7-F7) | N7: =IF(OR(M7="",G7=F7),"",ABS(M7-L7)/ABS(G7-F7)*100) | O7: =O5 | P7: =IF(N7="","",IF(N7<=O7,"OK","NOK"))
B8: TT101_Temp | C8: %IW64 | E8: =E5 | F8: =F5 | G8: =G5 | H8: =H5 | I8: 0.75 | J8: =IF(E8="0-10 V",10*I8,IF(E8="0-20 mA",20*I8,IF(E8="+/-10 V",-10+20*I8,4+16*I8))) | K8: =IF(E8="+/-10 V",ROUND(-27648+55296*I8,0),ROUND(27648*I8,0)) | L8: =F8+I8*(G8-F8) | N8: =IF(OR(M8="",G8=F8),"",ABS(M8-L8)/ABS(G8-F8)*100) | O8: =O5 | P8: =IF(N8="","",IF(N8<=O8,"OK","NOK"))
B9: TT101_Temp | C9: %IW64 | E9: =E5 | F9: =F5 | G9: =G5 | H9: =H5 | I9: 1 | J9: =IF(E9="0-10 V",10*I9,IF(E9="0-20 mA",20*I9,IF(E9="+/-10 V",-10+20*I9,4+16*I9))) | K9: =IF(E9="+/-10 V",ROUND(-27648+55296*I9,0),ROUND(27648*I9,0)) | L9: =F9+I9*(G9-F9) | N9: =IF(OR(M9="",G9=F9),"",ABS(M9-L9)/ABS(G9-F9)*100) | O9: =O5 | P9: =IF(N9="","",IF(N9<=O9,"OK","NOK"))
A10: 2 | B10: PT102_Pressure | C10: %IW66 | D10: Hydraulic pressure transmitter | E10: 4-20 mA | F10: 0 | G10: 100 | I10: 0 | J10: =IF(E10="0-10 V",10*I10,IF(E10="0-20 mA",20*I10,IF(E10="+/-10 V",-10+20*I10,4+16*I10))) | K10: =IF(E10="+/-10 V",ROUND(-27648+55296*I10,0),ROUND(27648*I10,0)) | L10: =F10+I10*(G10-F10) | N10: =IF(OR(M10="",G10=F10),"",ABS(M10-L10)/ABS(G10-F10)*100) | O10: 0.5 | P10: =IF(N10="","",IF(N10<=O10,"OK","NOK"))
B11: PT102_Pressure | C11: %IW66 | E11: =E10 | F11: =F10 | G11: =G10 | H11: =H10 | I11: 0.25 | J11: =IF(E11="0-10 V",10*I11,IF(E11="0-20 mA",20*I11,IF(E11="+/-10 V",-10+20*I11,4+16*I11))) | K11: =IF(E11="+/-10 V",ROUND(-27648+55296*I11,0),ROUND(27648*I11,0)) | L11: =F11+I11*(G11-F11) | N11: =IF(OR(M11="",G11=F11),"",ABS(M11-L11)/ABS(G11-F11)*100) | O11: =O10 | P11: =IF(N11="","",IF(N11<=O11,"OK","NOK"))
B12: PT102_Pressure | C12: %IW66 | E12: =E10 | F12: =F10 | G12: =G10 | H12: =H10 | I12: 0.5 | J12: =IF(E12="0-10 V",10*I12,IF(E12="0-20 mA",20*I12,IF(E12="+/-10 V",-10+20*I12,4+16*I12))) | K12: =IF(E12="+/-10 V",ROUND(-27648+55296*I12,0),ROUND(27648*I12,0)) | L12: =F12+I12*(G12-F12) | N12: =IF(OR(M12="",G12=F12),"",ABS(M12-L12)/ABS(G12-F12)*100) | O12: =O10 | P12: =IF(N12="","",IF(N12<=O12,"OK","NOK"))
B13: PT102_Pressure | C13: %IW66 | E13: =E10 | F13: =F10 | G13: =G10 | H13: =H10 | I13: 0.75 | J13: =IF(E13="0-10 V",10*I13,IF(E13="0-20 mA",20*I13,IF(E13="+/-10 V",-10+20*I13,4+16*I13))) | K13: =IF(E13="+/-10 V",ROUND(-27648+55296*I13,0),ROUND(27648*I13,0)) | L13: =F13+I13*(G13-F13) | N13: =IF(OR(M13="",G13=F13),"",ABS(M13-L13)/ABS(G13-F13)*100) | O13: =O10 | P13: =IF(N13="","",IF(N13<=O13,"OK","NOK"))
B14: PT102_Pressure | C14: %IW66 | E14: =E10 | F14: =F10 | G14: =G10 | H14: =H10 | I14: 1 | J14: =IF(E14="0-10 V",10*I14,IF(E14="0-20 mA",20*I14,IF(E14="+/-10 V",-10+20*I14,4+16*I14))) | K14: =IF(E14="+/-10 V",ROUND(-27648+55296*I14,0),ROUND(27648*I14,0)) | L14: =F14+I14*(G14-F14) | N14: =IF(OR(M14="",G14=F14),"",ABS(M14-L14)/ABS(G14-F14)*100) | O14: =O10 | P14: =IF(N14="","",IF(N14<=O14,"OK","NOK"))
A15: 3 | B15: LT103_Level | C15: %IW68 | D15: Tank level transmitter | E15: 4-20 mA | F15: 0 | G15: 100 | I15: 0 | J15: =IF(E15="0-10 V",10*I15,IF(E15="0-20 mA",20*I15,IF(E15="+/-10 V",-10+20*I15,4+16*I15))) | K15: =IF(E15="+/-10 V",ROUND(-27648+55296*I15,0),ROUND(27648*I15,0)) | L15: =F15+I15*(G15-F15) | N15: =IF(OR(M15="",G15=F15),"",ABS(M15-L15)/ABS(G15-F15)*100) | O15: 0.5 | P15: =IF(N15="","",IF(N15<=O15,"OK","NOK"))
B16: LT103_Level | C16: %IW68 | E16: =E15 | F16: =F15 | G16: =G15 | H16: =H15 | I16: 0.25 | J16: =IF(E16="0-10 V",10*I16,IF(E16="0-20 mA",20*I16,IF(E16="+/-10 V",-10+20*I16,4+16*I16))) | K16: =IF(E16="+/-10 V",ROUND(-27648+55296*I16,0),ROUND(27648*I16,0)) | L16: =F16+I16*(G16-F16) | N16: =IF(OR(M16="",G16=F16),"",ABS(M16-L16)/ABS(G16-F16)*100) | O16: =O15 | P16: =IF(N16="","",IF(N16<=O16,"OK","NOK"))
B17: LT103_Level | C17: %IW68 | E17: =E15 | F17: =F15 | G17: =G15 | H17: =H15 | I17: 0.5 | J17: =IF(E17="0-10 V",10*I17,IF(E17="0-20 mA",20*I17,IF(E17="+/-10 V",-10+20*I17,4+16*I17))) | K17: =IF(E17="+/-10 V",ROUND(-27648+55296*I17,0),ROUND(27648*I17,0)) | L17: =F17+I17*(G17-F17) | N17: =IF(OR(M17="",G17=F17),"",ABS(M17-L17)/ABS(G17-F17)*100) | O17: =O15 | P17: =IF(N17="","",IF(N17<=O17,"OK","NOK"))
B18: LT103_Level | C18: %IW68 | E18: =E15 | F18: =F15 | G18: =G15 | H18: =H15 | I18: 0.75 | J18: =IF(E18="0-10 V",10*I18,IF(E18="0-20 mA",20*I18,IF(E18="+/-10 V",-10+20*I18,4+16*I18))) | K18: =IF(E18="+/-10 V",ROUND(-27648+55296*I18,0),ROUND(27648*I18,0)) | L18: =F18+I18*(G18-F18) | N18: =IF(OR(M18="",G18=F18),"",ABS(M18-L18)/ABS(G18-F18)*100) | O18: =O15 | P18: =IF(N18="","",IF(N18<=O18,"OK","NOK"))
B19: LT103_Level | C19: %IW68 | E19: =E15 | F19: =F15 | G19: =G15 | H19: =H15 | I19: 1 | J19: =IF(E19="0-10 V",10*I19,IF(E19="0-20 mA",20*I19,IF(E19="+/-10 V",-10+20*I19,4+16*I19))) | K19: =IF(E19="+/-10 V",ROUND(-27648+55296*I19,0),ROUND(27648*I19,0)) | L19: =F19+I19*(G19-F19) | N19: =IF(OR(M19="",G19=F19),"",ABS(M19-L19)/ABS(G19-F19)*100) | O19: =O15 | P19: =IF(N19="","",IF(N19<=O19,"OK","NOK"))
A20: 4 | B20: FT104_Flow | C20: %IW70 | D20: Cooling water flow | E20: 4-20 mA | F20: 0 | G20: 100 | I20: 0 | J20: =IF(E20="0-10 V",10*I20,IF(E20="0-20 mA",20*I20,IF(E20="+/-10 V",-10+20*I20,4+16*I20))) | K20: =IF(E20="+/-10 V",ROUND(-27648+55296*I20,0),ROUND(27648*I20,0)) | L20: =F20+I20*(G20-F20) | N20: =IF(OR(M20="",G20=F20),"",ABS(M20-L20)/ABS(G20-F20)*100) | O20: 0.5 | P20: =IF(N20="","",IF(N20<=O20,"OK","NOK"))
B21: FT104_Flow | C21: %IW70 | E21: =E20 | F21: =F20 | G21: =G20 | H21: =H20 | I21: 0.25 | J21: =IF(E21="0-10 V",10*I21,IF(E21="0-20 mA",20*I21,IF(E21="+/-10 V",-10+20*I21,4+16*I21))) | K21: =IF(E21="+/-10 V",ROUND(-27648+55296*I21,0),ROUND(27648*I21,0)) | L21: =F21+I21*(G21-F21) | N21: =IF(OR(M21="",G21=F21),"",ABS(M21-L21)/ABS(G21-F21)*100) | O21: =O20 | P21: =IF(N21="","",IF(N21<=O21,"OK","NOK"))
B22: FT104_Flow | C22: %IW70 | E22: =E20 | F22: =F20 | G22: =G20 | H22: =H20 | I22: 0.5 | J22: =IF(E22="0-10 V",10*I22,IF(E22="0-20 mA",20*I22,IF(E22="+/-10 V",-10+20*I22,4+16*I22))) | K22: =IF(E22="+/-10 V",ROUND(-27648+55296*I22,0),ROUND(27648*I22,0)) | L22: =F22+I22*(G22-F22) | N22: =IF(OR(M22="",G22=F22),"",ABS(M22-L22)/ABS(G22-F22)*100) | O22: =O20 | P22: =IF(N22="","",IF(N22<=O22,"OK","NOK"))
B23: FT104_Flow | C23: %IW70 | E23: =E20 | F23: =F20 | G23: =G20 | H23: =H20 | I23: 0.75 | J23: =IF(E23="0-10 V",10*I23,IF(E23="0-20 mA",20*I23,IF(E23="+/-10 V",-10+20*I23,4+16*I23))) | K23: =IF(E23="+/-10 V",ROUND(-27648+55296*I23,0),ROUND(27648*I23,0)) | L23: =F23+I23*(G23-F23) | N23: =IF(OR(M23="",G23=F23),"",ABS(M23-L23)/ABS(G23-F23)*100) | O23: =O20 | P23: =IF(N23="","",IF(N23<=O23,"OK","NOK"))
B24: FT104_Flow | C24: %IW70 | E24: =E20 | F24: =F20 | G24: =G20 | H24: =H20 | I24: 1 | J24: =IF(E24="0-10 V",10*I24,IF(E24="0-20 mA",20*I24,IF(E24="+/-10 V",-10+20*I24,4+16*I24))) | K24: =IF(E24="+/-10 V",ROUND(-27648+55296*I24,0),ROUND(27648*I24,0)) | L24: =F24+I24*(G24-F24) | N24: =IF(OR(M24="",G24=F24),"",ABS(M24-L24)/ABS(G24-F24)*100) | O24: =O20 | P24: =IF(N24="","",IF(N24<=O24,"OK","NOK"))

Sheet AO Loop Check
A1: AO Loop Check - Packaging Line 3
A2: Customer: Sample Customer | Machine / Line: Infeed conveyor + hydraulic press | Document No.: CP-0001 | Revision: 0
A3: Method: set the value in the PLC watch table. Measure the signal at the terminal. Convert it to engineering units and enter it. Status is calculated automatically.
A4: No. | B4: Tag | C4: Address | D4: Comment | E4: Signal | F4: Range min | G4: Range max | H4: Unit | I4: Test point | J4: Expected signal | K4: Raw value (S7) | L4: Expected value | M4: Measured value | N4: Deviation % of span | O4: Tolerance % | P4: Status | Q4: Tested by | R4: Date | S4: Remarks
A5: 1 | B5: VFD1_SpeedSP | C5: %QW80 | D5: Conveyor speed setpoint to drive | E5: 4-20 mA | F5: 0 | G5: 100 | I5: 0 | J5: =IF(E5="0-10 V",10*I5,IF(E5="0-20 mA",20*I5,IF(E5="+/-10 V",-10+20*I5,4+16*I5))) | K5: =IF(E5="+/-10 V",ROUND(-27648+55296*I5,0),ROUND(27648*I5,0)) | L5: =F5+I5*(G5-F5) | N5: =IF(OR(M5="",G5=F5),"",ABS(M5-L5)/ABS(G5-F5)*100) | O5: 0.5 | P5: =IF(N5="","",IF(N5<=O5,"OK","NOK"))
B6: VFD1_SpeedSP | C6: %QW80 | E6: =E5 | F6: =F5 | G6: =G5 | H6: =H5 | I6: 0.25 | J6: =IF(E6="0-10 V",10*I6,IF(E6="0-20 mA",20*I6,IF(E6="+/-10 V",-10+20*I6,4+16*I6))) | K6: =IF(E6="+/-10 V",ROUND(-27648+55296*I6,0),ROUND(27648*I6,0)) | L6: =F6+I6*(G6-F6) | N6: =IF(OR(M6="",G6=F6),"",ABS(M6-L6)/ABS(G6-F6)*100) | O6: =O5 | P6: =IF(N6="","",IF(N6<=O6,"OK","NOK"))
B7: VFD1_SpeedSP | C7: %QW80 | E7: =E5 | F7: =F5 | G7: =G5 | H7: =H5 | I7: 0.5 | J7: =IF(E7="0-10 V",10*I7,IF(E7="0-20 mA",20*I7,IF(E7="+/-10 V",-10+20*I7,4+16*I7))) | K7: =IF(E7="+/-10 V",ROUND(-27648+55296*I7,0),ROUND(27648*I7,0)) | L7: =F7+I7*(G7-F7) | N7: =IF(OR(M7="",G7=F7),"",ABS(M7-L7)/ABS(G7-F7)*100) | O7: =O5 | P7: =IF(N7="","",IF(N7<=O7,"OK","NOK"))
B8: VFD1_SpeedSP | C8: %QW80 | E8: =E5 | F8: =F5 | G8: =G5 | H8: =H5 | I8: 0.75 | J8: =IF(E8="0-10 V",10*I8,IF(E8="0-20 mA",20*I8,IF(E8="+/-10 V",-10+20*I8,4+16*I8))) | K8: =IF(E8="+/-10 V",ROUND(-27648+55296*I8,0),ROUND(27648*I8,0)) | L8: =F8+I8*(G8-F8) | N8: =IF(OR(M8="",G8=F8),"",ABS(M8-L8)/ABS(G8-F8)*100) | O8: =O5 | P8: =IF(N8="","",IF(N8<=O8,"OK","NOK"))
B9: VFD1_SpeedSP | C9: %QW80 | E9: =E5 | F9: =F5 | G9: =G5 | H9: =H5 | I9: 1 | J9: =IF(E9="0-10 V",10*I9,IF(E9="0-20 mA",20*I9,IF(E9="+/-10 V",-10+20*I9,4+16*I9))) | K9: =IF(E9="+/-10 V",ROUND(-27648+55296*I9,0),ROUND(27648*I9,0)) | L9: =F9+I9*(G9-F9) | N9: =IF(OR(M9="",G9=F9),"",ABS(M9-L9)/ABS(G9-F9)*100) | O9: =O5 | P9: =IF(N9="","",IF(N9<=O9,"OK","NOK"))
A10: 2 | B10: PV201_Position | C10: %QW82 | D10: Proportional valve position setpoint | E10: 4-20 mA | F10: 0 | G10: 100 | I10: 0 | J10: =IF(E10="0-10 V",10*I10,IF(E10="0-20 mA",20*I10,IF(E10="+/-10 V",-10+20*I10,4+16*I10))) | K10: =IF(E10="+/-10 V",ROUND(-27648+55296*I10,0),ROUND(27648*I10,0)) | L10: =F10+I10*(G10-F10) | N10: =IF(OR(M10="",G10=F10),"",ABS(M10-L10)/ABS(G10-F10)*100) | O10: 0.5 | P10: =IF(N10="","",IF(N10<=O10,"OK","NOK"))
B11: PV201_Position | C11: %QW82 | E11: =E10 | F11: =F10 | G11: =G10 | H11: =H10 | I11: 0.25 | J11: =IF(E11="0-10 V",10*I11,IF(E11="0-20 mA",20*I11,IF(E11="+/-10 V",-10+20*I11,4+16*I11))) | K11: =IF(E11="+/-10 V",ROUND(-27648+55296*I11,0),ROUND(27648*I11,0)) | L11: =F11+I11*(G11-F11) | N11: =IF(OR(M11="",G11=F11),"",ABS(M11-L11)/ABS(G11-F11)*100) | O11: =O10 | P11: =IF(N11="","",IF(N11<=O11,"OK","NOK"))
B12: PV201_Position | C12: %QW82 | E12: =E10 | F12: =F10 | G12: =G10 | H12: =H10 | I12: 0.5 | J12: =IF(E12="0-10 V",10*I12,IF(E12="0-20 mA",20*I12,IF(E12="+/-10 V",-10+20*I12,4+16*I12))) | K12: =IF(E12="+/-10 V",ROUND(-27648+55296*I12,0),ROUND(27648*I12,0)) | L12: =F12+I12*(G12-F12) | N12: =IF(OR(M12="",G12=F12),"",ABS(M12-L12)/ABS(G12-F12)*100) | O12: =O10 | P12: =IF(N12="","",IF(N12<=O12,"OK","NOK"))
B13: PV201_Position | C13: %QW82 | E13: =E10 | F13: =F10 | G13: =G10 | H13: =H10 | I13: 0.75 | J13: =IF(E13="0-10 V",10*I13,IF(E13="0-20 mA",20*I13,IF(E13="+/-10 V",-10+20*I13,4+16*I13))) | K13: =IF(E13="+/-10 V",ROUND(-27648+55296*I13,0),ROUND(27648*I13,0)) | L13: =F13+I13*(G13-F13) | N13: =IF(OR(M13="",G13=F13),"",ABS(M13-L13)/ABS(G13-F13)*100) | O13: =O10 | P13: =IF(N13="","",IF(N13<=O13,"OK","NOK"))
B14: PV201_Position | C14: %QW82 | E14: =E10 | F14: =F10 | G14: =G10 | H14: =H10 | I14: 1 | J14: =IF(E14="0-10 V",10*I14,IF(E14="0-20 mA",20*I14,IF(E14="+/-10 V",-10+20*I14,4+16*I14))) | K14: =IF(E14="+/-10 V",ROUND(-27648+55296*I14,0),ROUND(27648*I14,0)) | L14: =F14+I14*(G14-F14) | N14: =IF(OR(M14="",G14=F14),"",ABS(M14-L14)/ABS(G14-F14)*100) | O14: =O10 | P14: =IF(N14="","",IF(N14<=O14,"OK","NOK"))

Sheet FAT Protocol
A1: FAT Protocol - Packaging Line 3
A2: Customer: Sample Customer | Machine / Line: Infeed conveyor + hydraulic press | Document No.: CP-0001 | Revision: 0
A4: No. | B4: Section | C4: Check item | D4: Acceptance criterion | E4: Status | F4: Remarks | G4: Tested by | H4: Date
A5: 1 | B5: Documentation | C5: Electrical drawings are the current revision and match the panel. | D5: No difference found, or differences recorded in the punch list.
A6: 2 | B6: Documentation | C6: IO list matches the drawings and the PLC tag table. | D6: 100 % match.
A7: 3 | B7: Documentation | C7: PLC / HMI / drive software versions are recorded (name, version, date). | D7: Versions written in the remarks.
A8: 4 | B8: Panel inspection | C8: Labels, wire markers and terminal numbers match the drawings. | D8: Visual check OK.
A9: 5 | B9: Panel inspection | C9: PE connections are complete and tight. | D9: Continuity test done, values recorded.
A10: 6 | B10: Panel inspection | C10: Fuse, MCB and overload settings match the drawings. | D10: All values checked.
A11: 7 | B11: Power-up | C11: Insulation and continuity tests are done before power-up. | D11: Test report attached.
A12: 8 | B12: Power-up | C12: Supply voltages (AC and 24 VDC) are within tolerance. | D12: Measured values recorded.
A13: 9 | B13: Power-up | C13: PLC, IO modules and HMI start without errors. | D13: Diagnostic buffer has no active errors.
A14: 10 | B14: Communication | C14: All network devices are online. Device names and IP addresses match the network list. | D14: No device fault in the PLC.
A15: 11 | B15: Communication | C15: Disconnect one network device. Check the communication alarm. | D15: Alarm appears with the correct text. Machine goes to a safe state.
A16: 12 | B16: IO tests | C16: Digital input checkout (20 IO points) | D16: 100 % OK, see sheet 'DI Checkout'. | E16: =IF('Summary'!B5=0,"N/A",IF('Summary'!G5>=1,"OK","")) | F16: =IF('Summary'!B5=0,"","Complete: "&TEXT('Summary'!G5,"0%"))
A17: 13 | B17: IO tests | C17: Digital output checkout (9 IO points) | D17: 100 % OK, see sheet 'DO Checkout'. | E17: =IF('Summary'!B6=0,"N/A",IF('Summary'!G6>=1,"OK","")) | F17: =IF('Summary'!B6=0,"","Complete: "&TEXT('Summary'!G6,"0%"))
A18: 14 | B18: IO tests | C18: Analog input loop check (4 IO points) | D18: 100 % OK, see sheet 'AI Loop Check'. | E18: =IF('Summary'!B7=0,"N/A",IF('Summary'!G7>=1,"OK","")) | F18: =IF('Summary'!B7=0,"","Complete: "&TEXT('Summary'!G7,"0%"))
A19: 15 | B19: IO tests | C19: Analog output loop check (2 IO points) | D19: 100 % OK, see sheet 'AO Loop Check'. | E19: =IF('Summary'!B8=0,"N/A",IF('Summary'!G8>=1,"OK","")) | F19: =IF('Summary'!B8=0,"","Complete: "&TEXT('Summary'!G8,"0%"))
A20: 16 | B20: Functions | C20: Each actuator works in manual mode. | D20: All manual functions OK.
A21: 17 | B21: Functions | C21: The automatic sequence runs according to the functional description. | D21: Each step tested.
A22: 18 | B22: Functions | C22: Interlocks and permissives work as specified. | D22: Each interlock tested.
A23: 19 | B23: Alarms and HMI | C23: Each alarm appears with the correct text and class. Acknowledge and reset work. | D23: Alarm list checked.
A24: 20 | B24: Alarms and HMI | C24: HMI screens, navigation and user levels are as specified. | D24: All screens checked.
A25: 21 | B25: Safety | C25: Each safety function is tested according to the safety validation plan. | D25: Validation report signed. | F25: Safety-related IO points (marked red): 4
A26: 22 | B26: Safety | C26: Emergency stop stops all hazardous motion. Restart needs a manual reset. | D26: Tested at each E-stop device.
A27: 23 | B27: Safety | C27: Safety program signature / checksum is recorded. | D27: Value written in the remarks.
A28: 24 | B28: Drives | C28: Drive parameters are saved. Motor data and speed scaling are correct. | D28: Parameter backup available.
A29: 25 | B29: Closure | C29: Backups of PLC, HMI and drive projects are handed over. | D29: Backup file names recorded.
A30: 26 | B30: Closure | C30: The FAT punch list is issued and agreed. | D30: No open A-items.

Sheet SAT Protocol
A1: SAT Protocol - Packaging Line 3
A2: Customer: Sample Customer | Machine / Line: Infeed conveyor + hydraulic press | Document No.: CP-0001 | Revision: 0
A4: No. | B4: Section | C4: Check item | D4: Acceptance criterion | E4: Status | F4: Remarks | G4: Tested by | H4: Date
A5: 1 | B5: Installation | C5: Equipment is installed at the final location according to the layout. | D5: Visual check OK.
A6: 2 | B6: Installation | C6: Field cables are installed, marked and terminated according to the cable list. | D6: Cable list checked.
A7: 3 | B7: Installation | C7: Earthing and equipotential bonding are complete. | D7: Measured values recorded.
A8: 4 | B8: Pre-commissioning | C8: Insulation tests of field cables are done. | D8: Test report attached.
A9: 5 | B9: Pre-commissioning | C9: FAT punch items are closed or transferred to the SAT punch list. | D9: No open FAT A-items.
A10: 6 | B10: Pre-commissioning | C10: The software version on site is the approved FAT version (or changes are documented). | D10: Version recorded.
A11: 7 | B11: IO tests | C11: Digital input checkout (20 IO points) | D11: 100 % OK, see sheet 'DI Checkout'. | E11: =IF('Summary'!B5=0,"N/A",IF('Summary'!G5>=1,"OK","")) | F11: =IF('Summary'!B5=0,"","Complete: "&TEXT('Summary'!G5,"0%"))
A12: 8 | B12: IO tests | C12: Digital output checkout (9 IO points) | D12: 100 % OK, see sheet 'DO Checkout'. | E12: =IF('Summary'!B6=0,"N/A",IF('Summary'!G6>=1,"OK","")) | F12: =IF('Summary'!B6=0,"","Complete: "&TEXT('Summary'!G6,"0%"))
A13: 9 | B13: IO tests | C13: Analog input loop check (4 IO points) | D13: 100 % OK, see sheet 'AI Loop Check'. | E13: =IF('Summary'!B7=0,"N/A",IF('Summary'!G7>=1,"OK","")) | F13: =IF('Summary'!B7=0,"","Complete: "&TEXT('Summary'!G7,"0%"))
A14: 10 | B14: IO tests | C14: Analog output loop check (2 IO points) | D14: 100 % OK, see sheet 'AO Loop Check'. | E14: =IF('Summary'!B8=0,"N/A",IF('Summary'!G8>=1,"OK","")) | F14: =IF('Summary'!B8=0,"","Complete: "&TEXT('Summary'!G8,"0%"))
A15: 11 | B15: Field devices | C15: Sensor positions and switching points are adjusted on the real process. | D15: All sensors checked.
A16: 12 | B16: Field devices | C16: Motor rotation directions are correct on site. | D16: All motors checked.
A17: 13 | B17: Field devices | C17: Instruments are calibrated. Certificates are available. | D17: Certificates attached.
A18: 14 | B18: Process functions | C18: The automatic run works with real product / material. | D18: Run without critical fault.
A19: 15 | B19: Process functions | C19: Interfaces to other machines and site systems are tested (signals, PROFINET, OPC UA). | D19: Interface list checked.
A20: 16 | B20: Safety | C20: Safety functions are validated on site. Guards, doors and light curtains are tested in the final position. | D20: Validation report signed.
A21: 17 | B21: Performance | C21: Capacity / cycle time test: target and measured values. | D21: Measured >= target.
A22: 18 | B22: Performance | C22: Continuous run test (agreed duration, e.g. 24 h / 72 h). | D22: No critical fault during the test.
A23: 19 | B23: Handover | C23: Operator and maintenance training is done. | D23: Attendance list signed.
A24: 20 | B24: Handover | C24: As-built drawings, manuals and software backups are handed over. | D24: Handover list signed.

Sheet Punch List
A1: Punch List - Packaging Line 3
A2: Customer: Sample Customer | Machine / Line: Infeed conveyor + hydraulic press | Document No.: CP-0001 | Revision: 0
A4: No. | B4: Reference | C4: Description | D4: Location | E4: Responsible | F4: Category (A/B/C) | G4: Due date | H4: Remarks | I4: Status | J4: Closed on
A5: A = must be closed before acceptance. B = close before handover. C = improvement, no effect on acceptance.
A6: 1
A7: 2
A8: 3
A9: 4
A10: 5
A11: 6
A12: 7
A13: 8
A14: 9
A15: 10
A16: 11
A17: 12
... A65: 60

Sheet Sign-off
A1: Sign-off - Packaging Line 3
A2: Customer: Sample Customer | Machine / Line: Infeed conveyor + hydraulic press | Document No.: CP-0001 | Revision: 0
A4: FAT Protocol
A5: Acceptance decision: | B5: [ ] Accepted [ ] Accepted with punch items (A-items = 0) [ ] Not accepted
A6: Role | B6: Company | C6: Name | D6: Signature | E6: Date
A7: Supplier / Integrator
A8: Customer representative
A9: Third party (optional)
A12: SAT Protocol
A13: Acceptance decision: | B13: [ ] Accepted [ ] Accepted with punch items (A-items = 0) [ ] Not accepted
A14: Role | B14: Company | C14: Name | D14: Signature | E14: Date
A15: Supplier / Integrator
A16: Customer representative
A17: Third party (optional)
